Page,Pageviews,Unique Pageviews,Avg. Time on Page,Bounce Rate,% Exit
/dataset/covid-19--support-for-businesses,"1,176","1,113",00:04:31,93.23%,91.84%
/dataset/public-health-funerals,811,772,00:00:10,93.67%,93.46%
/dataset/food-banks----free-meals-in-calderdale-?resource=d350594c-d24a-43ce-b078-ecf92c89a74f,144,127,00:06:14,90.40%,84.72%
/dataset/salary-scales,118,101,00:03:00,81.72%,81.36%
/dataset/covid-19-cases,86,70,00:05:17,85.45%,67.44%
/dataset/food-banks----free-meals-in-calderdale-,83,73,00:05:14,89.71%,83.13%
/dataset/calderdale-business-properties---complete-list,70,66,00:05:22,85.45%,85.71%
/dataset/population-estimate,64,56,00:07:10,93.75%,71.88%
/dataset/recycling-and-household-waste?resource=7dc08077-71f2-49c7-be4f-b1fe6ac3b4aa,56,50,00:01:20,83.67%,85.71%
/dataset/park-ward,53,46,00:02:33,75.68%,71.70%
/dataset/small-business-rate-relief,50,47,00:02:00,84.78%,84.00%
/dataset/public-rights-of-way,43,41,00:10:18,92.50%,93.02%
/dataset/business-rates-accounts-in-credit,42,42,00:17:50,76.19%,76.19%
/dataset/councillor-allowances-and-expenses,41,33,00:01:54,84.38%,73.17%
/dataset/salary-scales?resource=ed2af35d-4de2-41ca-a98b-5132d2ec660a,39,36,00:01:44,89.66%,92.31%
/dataset/children-in-low-income-families,35,30,00:01:46,50.00%,45.71%
/dataset/council-performance,32,26,00:01:27,70.83%,68.75%
/dataset,31,28,00:04:01,72.22%,58.06%
/dataset/workforce-profile,28,21,00:02:26,75.00%,53.57%
/dataset/active-calderdale-ward-profile,26,22,00:02:43,88.89%,76.92%
/dataset/lower-super-output-areas-by-postcode,26,26,00:04:55,77.27%,73.08%
/dataset/brownfield-land-register,25,23,00:04:52,75.00%,76.00%
/dataset/senior-salaries,25,24,00:08:38,78.95%,76.00%
/dataset/pay-policy,23,18,00:01:10,52.94%,52.17%
/dataset/schools-list,23,21,00:00:18,85.00%,82.61%
/dataset/food-hygiene-ratings-for-calderdale,22,19,00:05:13,84.21%,86.36%
/dataset/public-health-data-by-ward,22,20,00:03:10,80.00%,77.27%
/dataset/metro-cards-use-and-savings?q=met,19,11,00:04:27,62.50%,42.11%
/dataset/covid-19–support-for-businesses,18,14,00:01:35,66.67%,72.22%
/dataset/licensed-houses-of-multiple-occupation-register,18,17,00:02:58,94.12%,94.44%
/dataset/council-tax-charges-calderdale?resource=dfd8f570-dbb2-43d3-bebc-9269ce8aaa14,17,16,00:00:09,93.75%,94.12%
/dataset/tree-preservation-orders,17,17,00:01:41,94.12%,94.12%
/dataset/school-admissions---allocations---primary-schools,16,14,00:08:13,70.00%,50.00%
/dataset/todmorden-ward,16,14,00:01:32,63.64%,56.25%
/dataset/warley-ward,15,13,00:03:11,66.67%,53.33%
/dataset/air-quality-monitoring-station-data---air-quality-station-3-market-street--hebden-bridge,14,11,00:03:47,50.00%,57.14%
/dataset/brighouse-ward,14,12,00:02:49,77.78%,64.29%
/dataset/calder-ward,14,12,00:05:00,50.00%,42.86%
/dataset/calderdale-accident-data-,14,12,00:07:02,83.33%,85.71%
/dataset/economic-ward-profile,14,12,00:06:46,60.00%,57.14%
/dataset/planning-applications-calderdale,14,13,00:01:06,90.91%,92.86%
/dataset/northowram-and-shelf-ward,13,9,00:01:08,40.00%,46.15%
/dataset/perception-survey,13,12,00:01:07,100.00%,69.23%
/dataset/ryburn-ward,13,13,00:01:41,70.00%,61.54%
/dataset/calderdale-imd-2015-results-at-lsoa--neighbourhood-and-ward,12,9,00:05:13,66.67%,41.67%
/dataset/conservation-areas,12,12,00:00:48,90.91%,91.67%
/dataset/empty-properties,12,12,00:00:00,100.00%,100.00%
/dataset/staff-count---people,12,11,00:04:28,100.00%,66.67%
/dataset/illingworth-and-mixenden-ward,11,10,00:01:42,42.86%,45.45%
/dataset/primary-schools---free-school-meals,11,11,00:00:38,100.00%,54.55%
/dataset/pupils-on-roll-by-ward,11,10,00:00:35,0.00%,27.27%
/dataset/secondary-school-preferences-and-allocations-by-school,11,5,00:02:21,50.00%,36.36%
/dataset/early-years-foundation-stage-profile--eyfsp-,10,10,00:03:54,100.00%,50.00%
/dataset/northern-powergrid---substation-demand-data-for-calderdale,10,7,00:07:52,66.67%,50.00%
/dataset/salary-scales/resource/ed2af35d-4de2-41ca-a98b-5132d2ec660a,10,10,00:00:05,40.00%,40.00%
/dataset/sowerby-bridge-ward,10,10,00:02:01,83.33%,80.00%
/dataset?q=&tag=monitoring,9,9,00:00:39,66.67%,66.67%
/dataset/allotments-calderdale?resource=9c1987df-9236-4c43-b230-259bbc8e859f,9,7,00:00:30,71.43%,77.78%
/dataset/calderdale-imd-2019-results,9,9,00:11:29,100.00%,66.67%
/dataset/covid-19--support-for-businesses?fbclid=IwAR30CYxwPdcbKBof723Vksx-T370cyw9ISmD_7nOEr-tC-ZPD6JdBdRqxuQ,9,9,00:00:00,100.00%,100.00%
/dataset/free-school-meals-by-ward---primary-schools,9,9,00:05:48,0.00%,33.33%
/dataset/local-wildlife-sites,9,6,00:00:46,33.33%,55.56%
/dataset/neighbourhood-ward-profile,9,9,00:01:30,50.00%,44.44%
/dataset/secondary-schools---free-school-meals,9,8,00:00:21,75.00%,33.33%
/dataset?tag=food bank,8,6,00:00:59,80.00%,62.50%
/dataset/air-quality-monitoring-station-data---air-quality-station-4--wharf-street--sowerby-bridge,8,7,00:09:28,20.00%,50.00%
/dataset/fire-incidents,8,7,00:04:00,85.71%,87.50%
/dataset/gender-pay-gap,8,8,00:03:56,100.00%,75.00%
/dataset/key-stage-1,8,5,00:00:23,0.00%,12.50%
/dataset/phonics,8,7,00:01:34,50.00%,12.50%
/dataset/primary-school-preferences-and-allocations-by-school,8,8,00:00:15,75.00%,50.00%
/dataset/public-toilets-calderdale?resource=0c47982e-8cb9-4ae1-a389-83cefc50f7c7,8,8,00:03:42,85.71%,87.50%
/dataset/schools-data-by-ward,8,8,00:00:18,33.33%,37.50%
/dataset/staff-count---total-number-of-people,8,6,00:01:42,25.00%,25.00%
/dataset?q=air&tag=monitoring,7,7,00:00:00,100.00%,100.00%
/dataset/inclusive-economy,7,6,00:00:30,100.00%,71.43%
/dataset/luddendenfoot-ward,7,7,00:00:28,83.33%,71.43%
/dataset/organisation-chart,7,7,00:00:00,100.00%,100.00%
/dataset/population-estimates-over-70s,7,7,00:00:14,50.00%,57.14%
/dataset/public-rights-of-way?resource=6d70a05d-60ef-48da-93b8-70f1b493c585,7,5,00:04:04,60.00%,71.43%
/dataset/rastrick-ward,7,7,00:01:05,66.67%,71.43%
/dataset/staff-headcount-fte,7,7,00:04:33,100.00%,28.57%
/dataset/town-ward,7,7,00:00:28,75.00%,57.14%
/dataset/traffic-count,7,6,00:03:17,80.00%,71.43%
/dataset/contracts-calderdale,6,6,00:00:00,100.00%,100.00%
/dataset/cycle-storage?resource=b180776a-fd9e-4c92-b3d4-39bfe012acaf,6,6,00:00:00,100.00%,100.00%
/dataset/flood-data,6,5,00:01:31,100.00%,66.67%
/dataset/food-banks----free-meals-in-calderdale-/resource/d350594c-d24a-43ce-b078-ecf92c89a74f,6,6,00:00:00,100.00%,100.00%
/dataset/greetland-and-stainland-ward,6,6,00:01:03,75.00%,66.67%
/dataset/number-of-pupils-on-roll-in-secondary-schools,6,5,00:00:30,100.00%,33.33%
/dataset/number-of-pupils-on-roll-in-secondary-schools-by-year-group,6,6,00:00:30,100.00%,66.67%
/dataset/school-admissions---allocations---secondary-schools,6,5,00:00:27,33.33%,16.67%
/dataset/senior-salaries?resource=47efeca1-497e-4404-a7df-bee950fc8473,6,6,00:00:00,100.00%,100.00%
/dataset?tag=business,5,5,00:00:00,100.00%,100.00%
/dataset?topics=23658e50-3f58-4884-921c-ac1accfacf2b,5,4,00:05:57,66.67%,40.00%
/dataset/affordable-housing,5,4,00:09:33,100.00%,60.00%
/dataset/councillors,5,5,00:03:46,0.00%,20.00%
/dataset/elland-ward,5,4,00:14:00,0.00%,40.00%
/dataset/ethnicity-by-ward---primary-schools,5,5,00:00:20,100.00%,40.00%
/dataset/exclusions,5,5,00:12:34,100.00%,80.00%
/dataset/free-school-meals-by-ward---secondary-schools-,5,5,00:05:58,50.00%,40.00%
/dataset/jsna,5,4,00:01:04,25.00%,20.00%
/dataset/key-stage-2,5,4,00:02:24,0.00%,20.00%
/dataset/number-of-pupils-on-roll-in-primary-schools,5,5,00:00:05,100.00%,60.00%
/dataset/number-of-pupils-on-roll-in-primary-schools-by-year-group,5,5,00:07:10,66.67%,40.00%
/dataset/ovenden-ward,5,5,00:00:32,33.33%,20.00%
/dataset/primary-and-secondary-school-appeals,5,5,00:01:13,75.00%,60.00%
/dataset/secondary-schools---special-educational-needs--sen-,5,5,00:00:17,0.00%,40.00%
/dataset/sports-classes,5,5,00:00:55,0.00%,20.00%
/dataset?q=Business rates,4,1,00:00:05,0.00%,0.00%
/dataset?tag=planning applications&tag=planning,4,4,00:00:00,100.00%,100.00%
/dataset?tag=population&q=Health,4,4,00:00:00,100.00%,100.00%
/dataset/anti-poverty,4,3,00:05:25,50.00%,25.00%
/dataset/calderdale-data-works-webstats,4,4,00:01:23,50.00%,25.00%
/dataset/citizens-advice,4,3,00:00:24,0.00%,50.00%
/dataset/companies-in-calderdale,4,4,00:00:00,100.00%,100.00%
/dataset/debt-recovery-cases,4,3,00:00:21,100.00%,75.00%
/dataset/defibrillators,4,4,00:00:00,100.00%,100.00%
/dataset/electric-vehicle-charging-points,4,3,00:00:50,50.00%,50.00%
/dataset/income-msoa-profile,4,3,00:00:32,0.00%,25.00%
/dataset/kindness-resilience-2020,4,4,00:09:35,50.00%,75.00%
/dataset/new,4,3,00:12:12,0.00%,25.00%
/dataset/number-of-children-with-child-protection-plans-by-type,4,3,00:23:05,66.67%,75.00%
/dataset/open-postcode-geo2?resource=3d1d0a42-79f7-4ce9-8006-d92df6f4bbec,4,4,00:00:00,100.00%,100.00%
/dataset/primary-schools---special-educational-needs--sen-,4,4,00:00:57,50.00%,25.00%
/dataset/public-toilets-calderdale,4,3,00:02:18,66.67%,75.00%
/dataset/secondary-pupils-on-roll-by-ward-,4,4,00:00:26,0.00%,0.00%
/dataset/skircoat-ward,4,4,00:00:14,0.00%,25.00%
/dataset/staff-headcount---posts,4,4,00:00:52,0.00%,0.00%
/dataset/the-piece-hall,4,4,00:02:21,66.67%,50.00%
/dataset/ward-boundaries-calderdale,4,4,00:03:03,75.00%,75.00%
/dataset/west-yorkshire-mapping,4,4,00:01:05,66.67%,75.00%
/dataset?q=Business,3,1,00:00:04,0.00%,33.33%
/dataset?q=Halifax town,3,3,00:00:00,66.67%,66.67%
/dataset?tag=ratings,3,3,00:00:00,100.00%,100.00%
/dataset/bowling-greens?resource=abad6cb1-6733-41a8-8c4a-6c81af0c74a9,3,3,00:00:00,100.00%,100.00%
/dataset/calderdale-accident-data,3,1,00:00:15,0.00%,0.00%
/dataset/calderdale-tourism---sector-breakdown-of-trip-expenditure,3,3,00:00:00,100.00%,100.00%
/dataset/care-homes,3,3,00:02:36,50.00%,66.67%
/dataset/community-services,3,3,00:06:32,0.00%,33.33%
/dataset/consistent-financial-reporting,3,2,00:00:46,0.00%,0.00%
/dataset/crime-and-safety-data,3,2,00:01:22,50.00%,66.67%
/dataset/ethnicity-by-ward---secondary-schools,3,3,00:00:06,100.00%,33.33%
/dataset/flood-sirens,3,3,00:00:00,100.00%,100.00%
/dataset/hipperholme-and-lightcliffe-ward,3,3,00:00:00,100.00%,100.00%
/dataset/licensed-houses-of-multiple-occupation-register?resource=e6bcb51a-470c-40ad-a9fd-6601f9df565c,3,2,00:02:22,50.00%,66.67%
/dataset/lower-super-output-areas-by-postcode?q=lsoa,3,3,00:00:11,0.00%,66.67%
/dataset/new-business-rates-accounts-created?resource=e516c52a-7446-40eb-a096-e58ad5990a1c,3,3,00:00:25,50.00%,66.67%
/dataset/planning-applications-calderdale?resource=b5603d67-5884-4b1b-b89b-eff11625db0b,3,3,00:04:43,66.67%,66.67%
/dataset/population-estimate?q=population,3,2,00:00:00,0.00%,66.67%
/dataset/primary-school-pupils-ethnicity,3,2,00:03:37,0.00%,0.00%
/dataset/public-wifi-hotspots,3,3,00:00:00,100.00%,100.00%
/dataset/school-cluster-groups,3,3,00:00:00,100.00%,100.00%
/dataset/secondary-schools---pupils-with-english-as-an-additional-language,3,3,00:01:13,0.00%,0.00%
/dataset/section-251-outturn-statements,3,3,00:00:25,100.00%,66.67%
/dataset/senior-salaries?resource=2e6cdd43-a123-49da-bb68-0fd63a1071b8,3,3,00:01:28,33.33%,33.33%
/dataset/sports-centres-and-swimming-pools,3,3,00:00:00,100.00%,100.00%
/dataset/travel-and-subsistence-rates,3,3,00:00:43,66.67%,66.67%
/dataset/traveline,3,3,00:00:10,100.00%,66.67%
/dataset/wildflower-sites,3,3,00:00:00,100.00%,100.00%
/dataset/yorkshire-water-data,3,3,00:00:00,100.00%,100.00%
/dataset?page=27,2,2,00:01:32,0.00%,50.00%
/dataset?q=&tag=Staff Count,2,2,00:00:00,100.00%,100.00%
/dataset?q=busin,2,2,00:00:00,100.00%,100.00%
/dataset?q=business rates,2,2,00:00:00,100.00%,100.00%
/dataset?q=Business Rates,2,2,00:00:00,100.00%,100.00%
/dataset?q=l,2,2,00:00:00,100.00%,100.00%
/dataset?q=Section 251,2,2,00:00:00,100.00%,100.00%
/dataset?tag=business rates,2,2,00:00:00,100.00%,100.00%
/dataset?tag=TPO,2,2,00:00:00,100.00%,100.00%
/dataset?tag=Tree Preservation Orders&format=csv,2,2,00:00:00,100.00%,100.00%
/dataset?tag=Wards,2,2,00:00:00,100.00%,100.00%
/dataset?topics=135d7dcb-aa78-4fca-9a91-597fa8aeae53,2,2,00:00:34,0.00%,0.00%
/dataset/adult-social-care---all-services,2,2,00:08:18,0.00%,0.00%
/dataset/air-quality-monitoring-station-data----air-quality-station-2-salterhebble--halifax,2,2,00:00:00,100.00%,100.00%
/dataset/anti-poverty?resource=76f2cf05-4fd1-4ec8-92e1-e46019a95279,2,1,00:02:53,0.00%,0.00%
/dataset/area-around-todmorden,2,2,00:00:14,0.00%,50.00%
/dataset/blue-badge-applications-and-awards,2,2,00:00:00,100.00%,100.00%
/dataset/breast-feeding-family-friendly-places,2,2,00:00:00,100.00%,100.00%
/dataset/complaints,2,2,00:00:00,100.00%,100.00%
/dataset/council-budget-calderdale,2,2,00:00:00,100.00%,100.00%
/dataset/council-performance?resource=93e34eee-0cde-44e8-b8ec-376c62131a25,2,2,00:00:00,100.00%,100.00%
/dataset/councillor-allowances-and-expenses?resource=74123589-a85e-42bf-bfb3-f093b6a20347,2,2,00:00:00,100.00%,100.00%
/dataset/covid-19–support-for-businesses?fbclid=IwAR1uuxxSAgeNEed_43-IZhZKf1x9UVxvK1Wowjua6nQlBammuU-BjE6HKi4,2,1,00:00:25,0.00%,50.00%
/dataset/defibrillators?fbclid=IwAR0SFVXCyqGuINgeMK-ZU1VynEUwPd2kUSJ3AJ-BjX-XuvN6CI1KasrFy5U,2,2,00:00:00,100.00%,100.00%
/dataset/defibrillators?resource=054abab5-dba4-4e77-8b65-30350a22fa6b,2,1,00:01:41,0.00%,50.00%
/dataset/dementia-friendly-cafe-s,2,2,00:00:01,100.00%,50.00%
/dataset/diffusion-tube-data,2,2,00:08:35,100.00%,50.00%
/dataset/doctors--surgeries?resource=96d20edb-644c-4f75-ab74-50e440495520,2,2,00:00:00,100.00%,100.00%
/dataset/edit/staff-headcount-fte,2,1,00:02:45,0.00%,0.00%
/dataset/elections-results,2,1,00:05:21,0.00%,0.00%
/dataset/empty-properties?resource=831c14dc-dcee-42f0-b3b0-6146e63f7e90,2,2,00:00:00,100.00%,100.00%
/dataset/fly-tipping?q=fly tippin,2,1,00:00:01,0.00%,50.00%
/dataset/health-and-safety-accident-information?resource=6341f3d1-586e-438a-bfa4-1d88663c86b4,2,1,00:02:16,0.00%,50.00%
/dataset/licensed-dog-and-cat-home-boarders,2,2,00:00:00,100.00%,100.00%
/dataset/licensed-dog-and-cat-home-boarders?resource=610f5447-023c-4d20-bf2c-0b3101d491c6,2,2,00:00:00,100.00%,100.00%
/dataset/listed-buildings,2,2,00:02:13,100.00%,50.00%
/dataset/number-of-households-per-ward,2,2,00:00:00,100.00%,100.00%
/dataset/pedestrian-crossings?resource=ae1e1d09-aee1-4420-97aa-af5abd9a8f29,2,2,00:00:00,100.00%,100.00%
/dataset/places-of-worship-in-calderdale?resource=5ba5a9ac-c9a2-43f1-aecc-068b7b2a0963,2,2,00:00:00,100.00%,100.00%
/dataset/primary-schools---pupils-with-english-as-an-additional-language,2,2,00:00:07,0.00%,0.00%
/dataset/recycling-and-household-waste/resource/7dc08077-71f2-49c7-be4f-b1fe6ac3b4aa,2,2,00:00:00,100.00%,100.00%
/dataset/secondary-school-pupils-ethnicity,2,2,00:01:50,0.00%,0.00%
/dataset/section-251-budget-statements,2,2,00:00:00,100.00%,100.00%
/dataset/state-of-calderdale--build-a-sustainable-future,2,1,00:07:33,0.00%,50.00%
/dataset/timeline/calderdale-accident-data-,2,1,00:00:27,0.00%,50.00%
/dataset?format=bin,1,1,00:00:00,100.00%,100.00%
/dataset?format=csv&format=html&format=zip,1,1,00:00:00,100.00%,100.00%
/dataset?format=csv&q=&topics=1a37b621-4da1-48c6-af62-81adea604b35,1,1,00:00:00,0.00%,100.00%
/dataset?format=csv&topics=e51b19c8-9609-483f-9e0d-d379dd776fc3,1,1,00:00:00,100.00%,100.00%
/dataset?format=csv&topics=e51b19c8-9609-483f-9e0d-d379dd776fc3&page=2,1,1,00:00:03,0.00%,0.00%
/dataset?format=json,1,1,00:00:06,0.00%,0.00%
/dataset?format=spreadsheet&format=csv,1,1,00:08:25,0.00%,0.00%
/dataset?page=28,1,1,00:05:01,0.00%,0.00%
/dataset?q=,1,1,00:00:00,100.00%,100.00%
/dataset?q=&tag=business rates,1,1,00:00:00,100.00%,100.00%
/dataset?q=&tag=Climate Emergency,1,1,00:00:26,0.00%,0.00%
/dataset?q=&tag=Climate Emergency&page=1,1,1,00:00:59,0.00%,0.00%
/dataset?q=&tag=monitoring&topics=452ec79e-b507-4ba6-8f19-6c7d9c805e5a,1,1,00:00:00,0.00%,100.00%
/dataset?q=admissions,1,1,00:00:38,0.00%,0.00%
/dataset?q=admissions&format=pdf,1,1,00:00:00,0.00%,100.00%
/dataset?q=bicycle,1,1,00:00:00,100.00%,100.00%
/dataset?q=Blr044,1,1,00:07:23,0.00%,0.00%
/dataset?q=breast feeding &topics=135d7dcb-aa78-4fca-9a91-597fa8aeae53,1,1,00:00:00,0.00%,100.00%
/dataset?q=Business rates &tag=accounts,1,1,00:00:03,0.00%,0.00%
/dataset?q=Business rates &tag=ratepayer,1,1,00:00:05,0.00%,0.00%
/dataset?q=claims,1,1,00:00:00,0.00%,100.00%
/dataset?q=climate emergency&topics=e51b19c8-9609-483f-9e0d-d379dd776fc3,1,1,00:00:11,0.00%,0.00%
/dataset?q=covid,1,1,00:11:27,0.00%,0.00%
/dataset?q=F,1,1,00:00:00,100.00%,100.00%
/dataset?q=headcount,1,1,00:00:00,0.00%,100.00%
/dataset?q=monit,1,1,00:00:00,0.00%,100.00%
/dataset?q=o,1,1,00:00:00,100.00%,100.00%
/dataset?q=penalty,1,1,00:01:28,0.00%,0.00%
/dataset?q=Piece,1,1,00:00:00,0.00%,100.00%
/dataset?q=Piece&tag=Report&tag=Economic,1,1,00:01:25,0.00%,0.00%
/dataset?q=Popul&format=spreadsheet,1,1,00:25:23,0.00%,0.00%
/dataset?q=POTHOLES,1,1,00:00:00,100.00%,100.00%
/dataset?tag=air quality,1,1,00:00:00,100.00%,100.00%
/dataset?tag=cemeteries,1,1,00:00:00,100.00%,100.00%
/dataset?tag=culture&tag=play&format=csv,1,1,00:00:00,100.00%,100.00%
/dataset?tag=customer,1,1,00:01:01,0.00%,0.00%
/dataset?tag=food bank&tag=support,1,1,00:00:09,0.00%,0.00%
/dataset?tag=health&tag=housing&tag=employment&amp;tag=health and wellbeing&topics=452ec79e-b507-4ba6-8f19-6c7d9c805e5a,1,1,00:00:00,100.00%,100.00%
/dataset?tag=indices of multiple deprivation&page=1,1,1,00:00:00,100.00%,100.00%
/dataset?tag=mot,1,1,00:00:00,100.00%,100.00%
/dataset?tag=MSOA,1,1,00:00:00,100.00%,100.00%
/dataset?tag=Output areas&amp;tag=LSOA&format=spreadsheet,1,1,00:00:00,100.00%,100.00%
/dataset?tag=population&topics=3f48e604-3140-4098-b2be-e495488f2fcb,1,1,00:00:00,0.00%,100.00%
/dataset?tag=rateable value,1,1,00:00:00,100.00%,100.00%
/dataset?tag=scales,1,1,00:00:00,100.00%,100.00%
/dataset?tag=streets,1,1,00:00:00,100.00%,100.00%
/dataset?tag=tender,1,1,00:00:00,100.00%,100.00%
/dataset?tags=pupils&tag=support&topics=135d7dcb-aa78-4fca-9a91-597fa8aeae53,1,1,00:01:42,0.00%,0.00%
/dataset?topics=135d7dcb-aa78-4fca-9a91-597fa8aeae53&format=csv&page=3,1,1,00:00:00,0.00%,100.00%
/dataset?topics=23658e50-3f58-4884-921c-ac1accfacf2b&format=csv&page=5,1,1,00:00:00,0.00%,100.00%
/dataset?topics=23658e50-3f58-4884-921c-ac1accfacf2b&page=3,1,1,00:00:00,100.00%,100.00%
/dataset?topics=3f48e604-3140-4098-b2be-e495488f2fcb,1,1,00:00:14,0.00%,0.00%
/dataset?topics=a3cb827f-b76a-4663-a531-f628eb60a934,1,1,00:00:00,0.00%,100.00%
/dataset?topics=e51b19c8-9609-483f-9e0d-d379dd776fc3&page=3,1,1,00:00:00,100.00%,100.00%
/dataset/,1,1,00:00:00,100.00%,100.00%
/dataset/?tag=deaths,1,1,00:00:00,100.00%,100.00%
/dataset/20mph-speed-limit-areas,1,1,00:00:00,100.00%,100.00%
/dataset/598ca3a6-44bf-4265-8a54-4aa82a75f687,1,1,00:00:00,100.00%,100.00%
/dataset/7875584b-e999-4e9d-b302-a4f62c2d4565,1,1,00:00:00,100.00%,100.00%
/dataset/955058ff-ea41-413d-831b-e3e1c0a7dc08,1,1,00:00:14,0.00%,0.00%
/dataset/adult-social-work-workforce-data-collection,1,1,00:00:00,100.00%,100.00%
/dataset/allotments-calderdale,1,1,00:00:00,100.00%,100.00%
/dataset/allotments-calderdale/resource/9c1987df-9236-4c43-b230-259bbc8e859f,1,1,00:00:00,100.00%,100.00%
/dataset/approved-venues,1,1,00:00:00,100.00%,100.00%
/dataset/b9e760bc-05c6-42c9-9578-4d4259ee47bc,1,1,00:00:00,100.00%,100.00%
/dataset/business-rates-accounts-in-credit?resource=8d2fce79-601f-48db-9345-7a18d33833c1,1,1,00:00:00,100.00%,100.00%
/dataset/businesses-with-a-rateable-value-of-less-than-12000?resource=4c93a77d-ebfb-4ada-96a4-3e673e45dc8d,1,1,00:00:00,100.00%,100.00%
/dataset/calderdale-accident-data-?resource=3f66108f-093e-4abd-9c8e-e4bb80ae4b16,1,1,00:00:23,0.00%,0.00%
/dataset/calderdale-accident-data-?resource=81b5d186-ba71-4a23-bcda-03736f0bb44c,1,1,00:00:00,100.00%,100.00%
/dataset/calderdale-business-properties---complete-list?resource=10561bf9-e1df-45b7-87d2-81d8aed84b97,1,1,00:00:00,100.00%,100.00%
/dataset/calderdale-imd-2015-results-at-lsoa--neighbourhood-and-ward?resource=f07521d9-69a7-4428-9c34-70b977d55d9e,1,1,00:00:00,100.00%,100.00%
/dataset/cemeteries,1,1,00:00:00,100.00%,100.00%
/dataset/change-programmes,1,1,00:00:00,0.00%,100.00%
/dataset/chemists-and-pharmacies,1,1,00:00:00,100.00%,100.00%
/dataset/citizens-advice?q=citize,1,1,00:00:00,100.00%,100.00%
/dataset/community-centres,1,1,00:00:00,0.00%,100.00%
/dataset/consistent-financial-reporting?resource=889dba34-bc8a-4bf7-8762-a7fa41e5adfa,1,1,00:00:00,100.00%,100.00%
/dataset/council-tax-charges-calderdale,1,1,00:00:00,0.00%,100.00%
/dataset/councillor-allowances-and-expenses?fbclid=IwAR1-_x4MuSyf9AZ8uiwWezOYItAwi2gqr13MTLM5BGq6ca0jLRaRhp3XIdE,1,1,00:00:00,100.00%,100.00%
/dataset/councillor-allowances-and-expenses?fbclid=IwAR1TnVog-gfuUBqecq74LJs5JjUuZKmykw7El2aZ5_QhWqk8PdAWhLIsFik,1,1,00:00:00,100.00%,100.00%
/dataset/covid-19--support-for-businesses?fbclid=IwAR0fzg-zznRvbStXUYR5fd6XuSOdxifaetzphKJZFwCwcuuAZZBuiE4TyEg,1,1,00:00:00,100.00%,100.00%
/dataset/covid-19--support-for-businesses?fbclid=IwAR0jAnR1Bi0LoqIl1YYXwRUm6hkzmrpPFUB9dHPHmyscAzCq1K4kWgFXnvM,1,1,00:00:00,100.00%,100.00%
/dataset/covid-19--support-for-businesses?fbclid=IwAR0sl3FHduDi_mH0LYbnZ84sFZa2Zw1nMvDVTdGS_eI3pnzUx-0mGxRerJc,1,1,00:00:00,100.00%,100.00%
/dataset/covid-19--support-for-businesses?fbclid=IwAR1C1gYN2i94qCuslV0t4sOG-c7EMnytnGnMhdan4jxepd_tcrQWupa29XA,1,1,00:00:00,100.00%,100.00%
/dataset/covid-19--support-for-businesses?fbclid=IwAR1njEG1VkZhbJNORYA1zap35vLfQ7UI-_Jbq7gMiCw-Xz8aPtJPKHHzUW4,1,1,00:00:00,100.00%,100.00%
/dataset/covid-19--support-for-businesses?fbclid=IwAR1wkGyN1vVyIchcz_nmHmenQ1FWb5Jf7rip_HN8X6LBs38iJndRrjSsmVA,1,1,00:00:00,100.00%,100.00%
/dataset/covid-19--support-for-businesses?fbclid=IwAR1X51zv_DZpgYcmh3s2gBriVH1vlO-o6Cu0IXzSWcRZoxPMQp5lkEWCxxI,1,1,00:00:00,100.00%,100.00%
/dataset/covid-19--support-for-businesses?fbclid=IwAR2_Skxv5ZYHlZpCFJRXQLZV3JKchXpYC7SBY1G33zP3DirWjm3QKGEkOOk,1,1,00:00:00,100.00%,100.00%
/dataset/covid-19--support-for-businesses?fbclid=IwAR2fWvO91tQuwNmxmlsptSDqOkFzKnipobPdnSIn5n9TAaxN-XBmSnDR354,1,1,00:00:00,100.00%,100.00%
/dataset/covid-19--support-for-businesses?fbclid=IwAR2vZCDVMdd5yJ_0TLrp8yqFMY6aN0vFf-a0uQE83OXwL0ACglUsaHOHj6s,1,1,00:00:00,100.00%,100.00%
/dataset/covid-19--support-for-businesses?fbclid=IwAR2X57u8WoFY-tEgCpXpNgiYabCfRPZKr2i7BBJfCpCJX5zuwIqO6h2KAII,1,1,00:00:00,100.00%,100.00%
/dataset/covid-19--support-for-businesses?fbclid=IwAR3B2PBRJngafjKwrLg8mClu-DINj3tzS-Ee7a6TB3Dy_MalR9tFG_lsy1Y,1,1,00:00:00,100.00%,100.00%
/dataset/covid-19--support-for-businesses?fbclid=IwAR3Pj5vWJlSPLpV2jOcs92mjlP8HkjvRRQ8pJ-Qf-uk4XhFZu5MiIMoaW1w,1,1,00:00:00,100.00%,100.00%
/dataset/covid-19--support-for-businesses?fbclid=IwAR3W9FlU8OqslGWU8ai_u4Ye3tyATeBf9txQqDqKu3wzOxyD76BOMpwM2Eo,1,1,00:00:00,100.00%,100.00%
/dataset/covid-19--support-for-businesses?fbclid=IwAR3y1-LBnkP7kFE1_vLiipLC6fAThMdnyuXor9uyuY_Q_u1EYtRUx-IYIKA,1,1,00:00:00,100.00%,100.00%
/dataset/covid-19--support-for-businesses?fbclid=IwAR3Z1th-W5GO12KfAK9RPxVLUy22_fh5iagmEqpLbTRbrwNJ-lRR_TrCF7M,1,1,00:00:00,100.00%,100.00%
/dataset/covid-19–support-for-businesses?fbclid=IwAR0DbjpvTa8iR6nlsr44SUmIdoaf1PH4JiwMGop_khTSmb-Zo0TtA47N8Mo,1,1,00:00:00,100.00%,100.00%
/dataset/covid-19–support-for-businesses?fbclid=IwAR0dqqAPFwbnG_wYQFLyh2-VGvLf_LxyEso4ikVfFvgIXPSHxcg7sHYtMK4,1,1,00:00:00,100.00%,100.00%
/dataset/covid-19–support-for-businesses?fbclid=IwAR1NDsGqPRrZA7FHjmsSM88N2pS0amZLa74_btB7vuUASkpK1ZlApFQ8vBM,1,1,00:00:00,100.00%,100.00%
/dataset/covid-19–support-for-businesses?fbclid=IwAR222gD06LBvSkeJPa_BqidOq0kmiC1Z9-HD5MPA8yZ-VKzG-DGTRVSpzRA,1,1,00:00:00,100.00%,100.00%
/dataset/covid-19–support-for-businesses?fbclid=IwAR2737SggkRsTxgdzQemHQbgq0RqRhXIAUNVutAmDrTLiCNL_NkdMqAqQGI,1,1,00:00:00,100.00%,100.00%
/dataset/covid-19–support-for-businesses?fbclid=IwAR28cfOCW3sp7NJVocih6ho05TQ5YGTD_z94nZdGI52pZWcxgx5--yYkiTg,1,1,00:00:00,100.00%,100.00%
/dataset/covid-19–support-for-businesses?fbclid=IwAR2hFpc77Zw_C0_DH3cm34K3d9OGGF0nJKowxdJLCX6vut3mcnGDi7XSwtY,1,1,00:00:00,100.00%,100.00%
/dataset/covid-19–support-for-businesses?fbclid=IwAR2Kjgo-LjbQLwZppN_WgphN1E9Dvu1isEe8ddY-WLGIMekTDSm8xhxg3R8,1,1,00:00:00,100.00%,100.00%
/dataset/covid-19–support-for-businesses?fbclid=IwAR2l0UQ075exRuRAaBNnQh8lwULRPnZFbYaD1_UegNhMlZxWCVqlAODdsUI,1,1,00:00:00,100.00%,100.00%
/dataset/covid-19–support-for-businesses?fbclid=IwAR2UUYcuhG72tPqHc256jJrKzsF4Kzk1ZVPitsVfyc4azP9JDPfUvU2qbhA,1,1,00:00:00,100.00%,100.00%
/dataset/covid-19–support-for-businesses?fbclid=IwAR3SthCmLk_uKyY-yRlB_-Ueov8cnhXN2gCWLSRlf66l70yzsVYjZlcpEII,1,1,00:00:00,100.00%,100.00%
/dataset/covid-19–support-for-businesses?fbclid=IwAR3w5GLgHVVP11n9axBTzXOE4fDBWMpwY_xXGpuShgnAw4MFzXn-E5HkEos,1,1,00:00:00,100.00%,100.00%
/dataset/crime-and-safety-data?resource=a1688e48-8100-4e04-9530-80e1159eacae,1,1,00:00:00,100.00%,100.00%
/dataset/customer-contact,1,1,00:00:00,100.00%,100.00%
/dataset/defibrillators?fbclid=IwAR2960xBQApTfqLKPbURRFWj5BM-6oa_8FZhONC6Me6A4XopF-j8NHssLXM,1,1,00:00:00,100.00%,100.00%
/dataset/digital-inclusion-profiles,1,1,00:01:04,0.00%,0.00%
/dataset/disabled-facilities-grants-,1,1,00:00:00,100.00%,100.00%
/dataset/distinctiveness,1,1,00:00:01,0.00%,0.00%
/dataset/distinctiveness-2020,1,1,00:00:00,0.00%,100.00%
/dataset/electors-by-ward,1,1,00:00:03,0.00%,0.00%
/dataset/electric-vehicle-charging-points?resource=09453bdb-0e20-4f94-81b6-183cc3a52d38,1,1,00:00:00,100.00%,100.00%
/dataset/elland-ward?resource=23301e51-a25a-4fb5-b6a8-32b9f607ef3f,1,1,00:00:01,0.00%,0.00%
/dataset/emergency-school-closures,1,1,00:00:04,0.00%,0.00%
/dataset/energy-performance-of-buildings,1,1,00:00:00,100.00%,100.00%
/dataset/enterprising-and-talented,1,1,00:00:00,0.00%,100.00%
/dataset/environmental-permits,1,1,00:00:00,100.00%,100.00%
/dataset/fees-and-charges,1,1,00:00:00,100.00%,100.00%
/dataset/flood-data?resource=8eed8505-1d02-4a3f-82bf-a565fb4c27a8,1,1,00:00:00,100.00%,100.00%
/dataset/flood-data/resource/8eed8505-1d02-4a3f-82bf-a565fb4c27a8,1,1,00:00:00,100.00%,100.00%
/dataset/fly-tipping,1,1,00:00:00,100.00%,100.00%
/dataset/food-banks----free-meals-in-calderdale-?fbclid=IwAR3MmZsC8Z1wWs_A0wB-xEHSyaT0AyIirKjAl0bVPeYaYy_txibteH3oNiA,1,1,00:00:00,100.00%,100.00%
/dataset/food-banks----free-meals-in-calderdale-?resource=446960ff-899f-40bd-a15b-4c033637ab16,1,1,00:00:00,0.00%,100.00%
/dataset/grants?resource=7335da02-86da-4df3-87cf-99eeffee053e,1,1,00:00:00,100.00%,100.00%
/dataset/greenbelt---udp,1,1,00:00:00,100.00%,100.00%
/dataset/health-and-safety---violence-and-aggression,1,1,00:03:24,0.00%,0.00%
/dataset/health-and-safety-accident-information,1,1,00:00:00,100.00%,100.00%
/dataset/hipperholme-and-lightcliffe-ward?q=hipp,1,1,00:00:00,0.00%,100.00%
/dataset/homelessness-from-april-2018,1,1,00:00:25,0.00%,0.00%
/dataset/insurance-claims,1,1,00:00:00,100.00%,100.00%
/dataset/library-visits,1,1,00:05:58,0.00%,0.00%
/dataset/locality-reach-areas-of-public-amenities?q=reach,1,1,00:00:00,100.00%,100.00%
/dataset/lower-super-output-areas-by-postcode?resource=fdfa0fca-28fa-49bf-bdfe-9fb1e53fba83,1,1,00:00:00,100.00%,100.00%
/dataset/luddendenfoot-ward?q=ludd,1,1,00:00:00,100.00%,100.00%
/dataset/metro-cards-use-and-savings,1,1,00:00:00,100.00%,100.00%
/dataset/metro-cards-use-and-savings?q=metro,1,1,00:00:00,100.00%,100.00%
/dataset/mot-vehicle-testing-stations,1,1,00:00:00,100.00%,100.00%
/dataset/national-public-transport-access-nodes--naptan,1,1,00:00:00,100.00%,100.00%
/dataset/new-business-rates-accounts-created,1,1,00:00:00,100.00%,100.00%
/dataset/new-business-rates-accounts-created?resource=18346b8e-ada8-4ea6-91ed-fee6c73bb095,1,1,00:00:00,100.00%,100.00%
/dataset/new-business-rates-accounts-created?resource=1add06df-c8d8-415a-ae6d-cfff4558b8f0,1,1,00:00:00,100.00%,100.00%
/dataset/new-business-rates-accounts-created?resource=92e622ca-a861-4f3c-be6b-41fce87d1d92,1,1,00:00:00,100.00%,100.00%
/dataset/northowram-and-shelf-ward?resource=fa554261-f0ea-44a0-a846-3e0b22f1af4f,1,1,00:00:01,0.00%,0.00%
/dataset/open-active,1,1,00:15:02,0.00%,0.00%
/dataset/open-postcode-geo2,1,1,00:00:05,0.00%,0.00%
/dataset/open-postcode-geo2/resource/3d1d0a42-79f7-4ce9-8006-d92df6f4bbec,1,1,00:00:00,100.00%,100.00%
/dataset/parish-boundaries,1,1,00:00:00,100.00%,100.00%
/dataset/parking-spaces-calderdale,1,1,00:00:00,100.00%,100.00%
/dataset/parkingaccount,1,1,00:00:00,100.00%,100.00%
/dataset/parks-and-gardens,1,1,00:05:24,0.00%,0.00%
/dataset/places-of-worship-in-calderdale,1,1,00:00:00,100.00%,100.00%
/dataset/planning-applications-calderdale?resource=15eae16d-bc2d-4d74-9028-037c95ca0c53,1,1,00:00:00,100.00%,100.00%
/dataset/planning-applications-calderdale?resource=a56c2683-ced1-4515-b0bf-9cfe057f0f17,1,1,00:00:00,0.00%,100.00%
/dataset/planning-applications-calderdale/resource/a56c2683-ced1-4515-b0bf-9cfe057f0f17,1,1,00:01:24,0.00%,0.00%
/dataset/polling-station-districts,1,1,00:00:00,100.00%,100.00%
/dataset/polling-stations,1,1,00:00:00,100.00%,100.00%
/dataset/population-projection,1,1,00:00:00,0.00%,100.00%
/dataset/pot-holes,1,1,00:00:00,100.00%,100.00%
/dataset/public-food-register?resource=485165a3-530a-4885-b2f5-e32f966a0c0d,1,1,00:00:00,100.00%,100.00%
/dataset/public-toilets-calderdale/resource/0c47982e-8cb9-4ae1-a389-83cefc50f7c7,1,1,00:00:00,100.00%,100.00%
/dataset/recycling-and-household-waste,1,1,00:00:00,0.00%,100.00%
/dataset/road-maintenance-and-repairs,1,1,00:00:00,100.00%,100.00%
/dataset/road-safety-training-delivered-in-calderdale-primary-schools-2015-2016,1,1,00:00:00,0.00%,100.00%
/dataset/salary-scales?resource=5bcbd3b3-16a5-4383-b723-3aafcce25e4b,1,1,00:00:00,100.00%,100.00%
/dataset/schools-data-by-ward?resource=07172c1a-7290-4441-8e8a-6326a0c54113,1,1,00:00:13,0.00%,0.00%
/dataset/secondary-schools---free-school-meals?resource=78496f0a-4fa2-49c0-80a5-e4adf0f1b7ca,1,1,00:00:00,100.00%,100.00%
/dataset/skate-and-bmx-parks,1,1,00:00:58,0.00%,0.00%
/dataset/skate-and-bmx-parks?resource=de257461-7c7f-4b74-8d67-19866d1c896d,1,1,00:00:00,100.00%,100.00%
/dataset/skircoat-ward?resource=569dc3f2-acd2-4f25-98bb-87f7cdaa16db,1,1,00:00:00,100.00%,100.00%
/dataset/small-business-rate-relief?resource=097fde26-903d-427f-8fbc-1d48af168971,1,1,00:00:00,100.00%,100.00%
/dataset/small-business-rate-relief?resource=34b6b447-f573-4f9a-9212-cc7bf9b441b0,1,1,00:00:00,100.00%,100.00%
/dataset/small-business-rate-relief?resource=8cd0ac2a-89a1-4596-986e-d6b0688de4ba,1,1,00:00:00,100.00%,100.00%
/dataset/small-business-rate-relief?resource=97759c71-7a24-47d9-9974-4473c35dc01f,1,1,00:00:00,100.00%,100.00%
/dataset/small-business-rate-relief?resource=db314302-e27c-4cbd-8bc4-4d61d162da50,1,1,00:00:00,100.00%,100.00%
/dataset/small-business-rate-relief/resource/bd36ab41-d86f-4107-9e4e-4bd3c5474982,1,1,00:00:00,100.00%,100.00%
/dataset/sowerby-bridge-ward?resource=19e41f90-bcf9-4f22-bbb8-daea76243bb1,1,1,00:00:00,100.00%,100.00%
/dataset/special-landscape-area---udp,1,1,00:00:00,100.00%,100.00%
/dataset/state-of-calderdale--grow-the-economy-priority,1,1,00:00:00,100.00%,100.00%
/dataset/state-of-calderdale--reduce-inequalities,1,1,00:00:00,100.00%,100.00%
/dataset/station-usage/resource/32bd8b73-375b-4b7f-bead-414c82eddd77,1,1,00:00:00,100.00%,100.00%
/dataset/stop-smoking-services,1,1,00:01:04,0.00%,0.00%
/dataset/superfast-broadband-postcodes?resource=eac36b9f-1fc8-4841-97bb-573fa3cd45a4,1,1,00:00:00,100.00%,100.00%
/dataset/temporary-accommodation-costs,1,1,00:00:43,0.00%,0.00%
/dataset/the-adult-social-care-framework,1,1,00:01:54,0.00%,0.00%
/dataset/timeline/grants,1,1,00:00:00,100.00%,100.00%
/dataset/timeline/places-of-worship-in-calderdale,1,1,00:00:00,100.00%,100.00%
/dataset/todmorden-ward?resource=756207ff-d3a2-4077-8bd9-f7c090ae3c95,1,1,00:01:52,0.00%,0.00%
/dataset/trade-unions,1,1,00:00:00,100.00%,100.00%
/dataset/trade-unions?resource=4a789e2b-a2f2-47d0-80b2-520368f5b285,1,1,00:00:00,100.00%,100.00%
/dataset/watercourse-reaches,1,1,00:00:00,100.00%,100.00%
/dataset/weekly-markets,1,1,00:00:00,100.00%,100.00%
/dataset/wildflower-sites?resource=efe54869-e106-4e66-b88d-5a23fd09dedb,1,1,00:00:18,0.00%,0.00%
